text,sentiment
The agreement is subject to review.,Neutral
The legal process upheld justice efficiently.,Positive
The contractual obligations were met with diligence.,Positive
The file was submitted to the court on time.,Neutral
The settlement resulted in client satisfaction.,Positive
The contract was executed smoothly without disputes.,Positive
The settlement resulted in client satisfaction.,Positive
The judgment was against the client.,Negative
Both parties agreed amicably to the conditions.,Positive
The legal team missed important deadlines.,Negative
The contract mentions a renewal period.,Neutral
The firm handled the case according to policy.,Neutral
The agreement failed to protect the client's interests.,Negative
The settlement resulted in client satisfaction.,Positive
The terms are clearly stated for both parties.,Neutral
The judgment was against the client.,Negative
The service was delayed and unsatisfactory.,Negative
The service provider complied with all terms positively.,Positive
The negotiation led to a dispute.,Negative
The agreement failed to protect the client's interests.,Negative
The contract was breached without notice.,Negative
The terms imposed were extremely unfair.,Negative
The clause is heavily biased and one-sided.,Negative
The service provider complied with all terms positively.,Positive
The file was submitted to the court on time.,Neutral
The firm did not honor the contractual terms.,Negative
The lawyer reviewed the documents as scheduled.,Neutral
The negotiation led to a dispute.,Negative
The agreement terms were favorable to both parties.,Positive
The firm did not honor the contractual terms.,Negative
The agreement created more conflict than resolution.,Negative
The contractual obligations were met with diligence.,Positive
The contract mentions a renewal period.,Neutral
The agreement terms were favorable to both parties.,Positive
The file was submitted to the court on time.,Neutral
The report summarizes the legal obligations.,Neutral
The judgment was against the client.,Negative
The agreement created more conflict than resolution.,Negative
The negotiation led to a dispute.,Negative
The negotiation ended with mutual benefits.,Positive
The contract was executed smoothly without disputes.,Positive
The firm did not honor the contractual terms.,Negative
The agreement failed to protect the client's interests.,Negative
The firm did not honor the contractual terms.,Negative
The resolution was in the client's best interest.,Positive
The legal team missed important deadlines.,Negative
The contract mentions a renewal period.,Neutral
The clause is heavily biased and one-sided.,Negative
The negotiation ended with mutual benefits.,Positive
The terms imposed were extremely unfair.,Negative
The contract was breached without notice.,Negative
The agreement created more conflict than resolution.,Negative
The report summarizes the legal obligations.,Neutral
The clause ensures fair treatment.,Positive
The contract mentions a renewal period.,Neutral
The judgment was against the client.,Negative
The contract was breached without notice.,Negative
The clause mentions arbitration in case of dispute.,Neutral
The settlement resulted in client satisfaction.,Positive
The settlement resulted in client satisfaction.,Positive
The terms imposed were extremely unfair.,Negative
The document outlines the roles and responsibilities.,Neutral
The firm handled the case according to policy.,Neutral
The process involved standard legal procedures.,Neutral
The contract was executed smoothly without disputes.,Positive
The agreement created more conflict than resolution.,Negative
The judgment was against the client.,Negative
The firm did not honor the contractual terms.,Negative
The agreement terms were favorable to both parties.,Positive
The judgment was against the client.,Negative
Both parties agreed amicably to the conditions.,Positive
The resolution was in the client's best interest.,Positive
The contractual obligations were met with diligence.,Positive
The resolution was in the client's best interest.,Positive
The firm handled the case according to policy.,Neutral
The report summarizes the legal obligations.,Neutral
The contract mentions a renewal period.,Neutral
The judgment was against the client.,Negative
The document outlines the roles and responsibilities.,Neutral
The contract mentions a renewal period.,Neutral
The file was submitted to the court on time.,Neutral
The clause is heavily biased and one-sided.,Negative
The firm did not honor the contractual terms.,Negative
The agreement created more conflict than resolution.,Negative
The settlement resulted in client satisfaction.,Positive
The service provider complied with all terms positively.,Positive
The firm handled the case according to policy.,Neutral
The service was delayed and unsatisfactory.,Negative
The firm did not honor the contractual terms.,Negative
The legal team missed important deadlines.,Negative
The legal process upheld justice efficiently.,Positive
The contract was breached without notice.,Negative
The legal process upheld justice efficiently.,Positive
The clause mentions arbitration in case of dispute.,Neutral
The legal team missed important deadlines.,Negative
The firm did not honor the contractual terms.,Negative
The contractual obligations were met with diligence.,Positive
The file was submitted to the court on time.,Neutral
Both parties agreed amicably to the conditions.,Positive
The agreement created more conflict than resolution.,Negative
The contract mentions a renewal period.,Neutral
The legal process upheld justice efficiently.,Positive
The settlement resulted in client satisfaction.,Positive
The terms imposed were extremely unfair.,Negative
The judgment was against the client.,Negative
The clause is heavily biased and one-sided.,Negative
The service provider complied with all terms positively.,Positive
The agreement is subject to review.,Neutral
The judgment was against the client.,Negative
The agreement created more conflict than resolution.,Negative
The terms imposed were extremely unfair.,Negative
The legal process upheld justice efficiently.,Positive
The clause is heavily biased and one-sided.,Negative
The negotiation led to a dispute.,Negative
The legal process upheld justice efficiently.,Positive
The resolution was in the client's best interest.,Positive
The agreement terms were favorable to both parties.,Positive
The service provider complied with all terms positively.,Positive
The contractual obligations were met with diligence.,Positive
The contract mentions a renewal period.,Neutral
The contractual obligations were met with diligence.,Positive
Both parties agreed amicably to the conditions.,Positive
The resolution was in the client's best interest.,Positive
The agreement created more conflict than resolution.,Negative
The contractual obligations were met with diligence.,Positive
The settlement resulted in client satisfaction.,Positive
The contractual obligations were met with diligence.,Positive
The settlement resulted in client satisfaction.,Positive
The legal team missed important deadlines.,Negative
The negotiation led to a dispute.,Negative
The agreement created more conflict than resolution.,Negative
The file was submitted to the court on time.,Neutral
The contractual obligations were met with diligence.,Positive
The contract mentions a renewal period.,Neutral
The agreement is subject to review.,Neutral
The contract was executed smoothly without disputes.,Positive
The service provider complied with all terms positively.,Positive
The service was delayed and unsatisfactory.,Negative
The lawyer reviewed the documents as scheduled.,Neutral
The terms imposed were extremely unfair.,Negative
The legal process upheld justice efficiently.,Positive
The document outlines the roles and responsibilities.,Neutral
The service was delayed and unsatisfactory.,Negative
The contractual obligations were met with diligence.,Positive
The report summarizes the legal obligations.,Neutral
The firm did not honor the contractual terms.,Negative
The contract was breached without notice.,Negative
The terms are clearly stated for both parties.,Neutral
The contract was breached without notice.,Negative
The report summarizes the legal obligations.,Neutral
The terms are clearly stated for both parties.,Neutral
The contract was executed smoothly without disputes.,Positive
The process involved standard legal procedures.,Neutral
The terms are clearly stated for both parties.,Neutral
The firm handled the case according to policy.,Neutral
The legal team missed important deadlines.,Negative
The agreement failed to protect the client's interests.,Negative
The clause mentions arbitration in case of dispute.,Neutral
The negotiation led to a dispute.,Negative
The contract was executed smoothly without disputes.,Positive
The process involved standard legal procedures.,Neutral
The firm did not honor the contractual terms.,Negative
The agreement failed to protect the client's interests.,Negative
The agreement is subject to review.,Neutral
The firm did not honor the contractual terms.,Negative
The clause is heavily biased and one-sided.,Negative
The service was delayed and unsatisfactory.,Negative
The document outlines the roles and responsibilities.,Neutral
The legal team missed important deadlines.,Negative
The agreement is subject to review.,Neutral
The settlement resulted in client satisfaction.,Positive
The lawyer reviewed the documents as scheduled.,Neutral
The judgment was against the client.,Negative
The contract was executed smoothly without disputes.,Positive
The agreement failed to protect the client's interests.,Negative
The service was delayed and unsatisfactory.,Negative
The agreement terms were favorable to both parties.,Positive
The judgment was against the client.,Negative
The negotiation led to a dispute.,Negative
Both parties agreed amicably to the conditions.,Positive
The firm did not honor the contractual terms.,Negative
The firm handled the case according to policy.,Neutral
The contract mentions a renewal period.,Neutral
The agreement failed to protect the client's interests.,Negative
The legal process upheld justice efficiently.,Positive
The terms imposed were extremely unfair.,Negative
The contract was breached without notice.,Negative
The clause is heavily biased and one-sided.,Negative
The agreement created more conflict than resolution.,Negative
The clause ensures fair treatment.,Positive
The clause ensures fair treatment.,Positive
The service was delayed and unsatisfactory.,Negative
The terms are clearly stated for both parties.,Neutral
The judgment was against the client.,Negative
The contract was executed smoothly without disputes.,Positive
Both parties agreed amicably to the conditions.,Positive
The firm did not honor the contractual terms.,Negative
The agreement terms were favorable to both parties.,Positive
The firm handled the case according to policy.,Neutral
The lawyer reviewed the documents as scheduled.,Neutral
The judgment was against the client.,Negative
The process involved standard legal procedures.,Neutral
The contract was breached without notice.,Negative
The clause is heavily biased and one-sided.,Negative
The agreement is subject to review.,Neutral
The contract was breached without notice.,Negative
The legal team missed important deadlines.,Negative
The lawyer reviewed the documents as scheduled.,Neutral
The contract was executed smoothly without disputes.,Positive
The clause is heavily biased and one-sided.,Negative
The clause is heavily biased and one-sided.,Negative
The terms imposed were extremely unfair.,Negative
The clause ensures fair treatment.,Positive
The firm handled the case according to policy.,Neutral
The contract was executed smoothly without disputes.,Positive
The negotiation led to a dispute.,Negative
The negotiation ended with mutual benefits.,Positive
The contractual obligations were met with diligence.,Positive
The agreement failed to protect the client's interests.,Negative
The judgment was against the client.,Negative
The document outlines the roles and responsibilities.,Neutral
The contract was executed smoothly without disputes.,Positive
The terms are clearly stated for both parties.,Neutral
The file was submitted to the court on time.,Neutral
Both parties agreed amicably to the conditions.,Positive
The legal process upheld justice efficiently.,Positive
The terms imposed were extremely unfair.,Negative
The resolution was in the client's best interest.,Positive
The service was delayed and unsatisfactory.,Negative
The lawyer reviewed the documents as scheduled.,Neutral
Both parties agreed amicably to the conditions.,Positive
The agreement created more conflict than resolution.,Negative
The document outlines the roles and responsibilities.,Neutral
The file was submitted to the court on time.,Neutral
The judgment was against the client.,Negative
The judgment was against the client.,Negative
The firm handled the case according to policy.,Neutral
The terms are clearly stated for both parties.,Neutral
The agreement created more conflict than resolution.,Negative
The report summarizes the legal obligations.,Neutral
The negotiation ended with mutual benefits.,Positive
The clause is heavily biased and one-sided.,Negative
The firm did not honor the contractual terms.,Negative
The negotiation led to a dispute.,Negative
The terms imposed were extremely unfair.,Negative
The report summarizes the legal obligations.,Neutral
The process involved standard legal procedures.,Neutral
The negotiation ended with mutual benefits.,Positive
The contract was executed smoothly without disputes.,Positive
The service was delayed and unsatisfactory.,Negative
The service provider complied with all terms positively.,Positive
The lawyer reviewed the documents as scheduled.,Neutral
The contract was breached without notice.,Negative
The report summarizes the legal obligations.,Neutral
The contract was breached without notice.,Negative
The terms imposed were extremely unfair.,Negative
The contract was executed smoothly without disputes.,Positive
The settlement resulted in client satisfaction.,Positive
The contract was breached without notice.,Negative
The legal team missed important deadlines.,Negative
The lawyer reviewed the documents as scheduled.,Neutral
The report summarizes the legal obligations.,Neutral
The report summarizes the legal obligations.,Neutral
The firm handled the case according to policy.,Neutral
The agreement failed to protect the client's interests.,Negative
Both parties agreed amicably to the conditions.,Positive
The agreement is subject to review.,Neutral
The service was delayed and unsatisfactory.,Negative
The agreement created more conflict than resolution.,Negative
The clause is heavily biased and one-sided.,Negative
The agreement failed to protect the client's interests.,Negative
The legal process upheld justice efficiently.,Positive
The agreement failed to protect the client's interests.,Negative
The terms imposed were extremely unfair.,Negative
The clause is heavily biased and one-sided.,Negative
The firm did not honor the contractual terms.,Negative
The clause is heavily biased and one-sided.,Negative
Both parties agreed amicably to the conditions.,Positive
The agreement is subject to review.,Neutral
The terms are clearly stated for both parties.,Neutral
The agreement is subject to review.,Neutral
The contractual obligations were met with diligence.,Positive
The service was delayed and unsatisfactory.,Negative
The terms are clearly stated for both parties.,Neutral
The clause is heavily biased and one-sided.,Negative
The document outlines the roles and responsibilities.,Neutral
The resolution was in the client's best interest.,Positive
The terms are clearly stated for both parties.,Neutral
The negotiation ended with mutual benefits.,Positive
The judgment was against the client.,Negative
The negotiation led to a dispute.,Negative
The contract was breached without notice.,Negative
The document outlines the roles and responsibilities.,Neutral
Both parties agreed amicably to the conditions.,Positive
The resolution was in the client's best interest.,Positive
The terms are clearly stated for both parties.,Neutral
The process involved standard legal procedures.,Neutral
Both parties agreed amicably to the conditions.,Positive
The clause ensures fair treatment.,Positive
The document outlines the roles and responsibilities.,Neutral
The service provider complied with all terms positively.,Positive
The clause mentions arbitration in case of dispute.,Neutral
The resolution was in the client's best interest.,Positive
The negotiation ended with mutual benefits.,Positive
The clause mentions arbitration in case of dispute.,Neutral
The contract was executed smoothly without disputes.,Positive
The lawyer reviewed the documents as scheduled.,Neutral
The firm handled the case according to policy.,Neutral
The contract was executed smoothly without disputes.,Positive
The terms are clearly stated for both parties.,Neutral
The contract was breached without notice.,Negative
The document outlines the roles and responsibilities.,Neutral
The file was submitted to the court on time.,Neutral
The settlement resulted in client satisfaction.,Positive
The clause ensures fair treatment.,Positive
The terms are clearly stated for both parties.,Neutral
The terms are clearly stated for both parties.,Neutral
The contract mentions a renewal period.,Neutral
The contract was breached without notice.,Negative
The clause ensures fair treatment.,Positive
The contractual obligations were met with diligence.,Positive
Both parties agreed amicably to the conditions.,Positive
The report summarizes the legal obligations.,Neutral
The firm handled the case according to policy.,Neutral
The agreement is subject to review.,Neutral
The file was submitted to the court on time.,Neutral
The settlement resulted in client satisfaction.,Positive
The file was submitted to the court on time.,Neutral
The terms imposed were extremely unfair.,Negative
The negotiation ended with mutual benefits.,Positive
The terms are clearly stated for both parties.,Neutral
The process involved standard legal procedures.,Neutral
The firm handled the case according to policy.,Neutral
The clause ensures fair treatment.,Positive
The negotiation led to a dispute.,Negative
The clause is heavily biased and one-sided.,Negative
The legal team missed important deadlines.,Negative
The agreement failed to protect the client's interests.,Negative
The contract was executed smoothly without disputes.,Positive
The lawyer reviewed the documents as scheduled.,Neutral
The agreement failed to protect the client's interests.,Negative
The contractual obligations were met with diligence.,Positive
The service was delayed and unsatisfactory.,Negative
The clause mentions arbitration in case of dispute.,Neutral
Both parties agreed amicably to the conditions.,Positive
The file was submitted to the court on time.,Neutral
The agreement terms were favorable to both parties.,Positive
The firm did not honor the contractual terms.,Negative
The contractual obligations were met with diligence.,Positive
The clause ensures fair treatment.,Positive
The clause mentions arbitration in case of dispute.,Neutral
The document outlines the roles and responsibilities.,Neutral
The clause mentions arbitration in case of dispute.,Neutral
The service was delayed and unsatisfactory.,Negative
The agreement terms were favorable to both parties.,Positive
The contractual obligations were met with diligence.,Positive
The clause mentions arbitration in case of dispute.,Neutral
The agreement created more conflict than resolution.,Negative
The terms are clearly stated for both parties.,Neutral
The agreement terms were favorable to both parties.,Positive
The contract was executed smoothly without disputes.,Positive
The firm did not honor the contractual terms.,Negative
The contract was executed smoothly without disputes.,Positive
The settlement resulted in client satisfaction.,Positive
The agreement failed to protect the client's interests.,Negative
The terms are clearly stated for both parties.,Neutral
The clause is heavily biased and one-sided.,Negative
Both parties agreed amicably to the conditions.,Positive
The report summarizes the legal obligations.,Neutral
The legal team missed important deadlines.,Negative
The firm handled the case according to policy.,Neutral
The contractual obligations were met with diligence.,Positive
The terms are clearly stated for both parties.,Neutral
The firm handled the case according to policy.,Neutral
The contractual obligations were met with diligence.,Positive
The file was submitted to the court on time.,Neutral
The file was submitted to the court on time.,Neutral
The clause mentions arbitration in case of dispute.,Neutral
The document outlines the roles and responsibilities.,Neutral
The contractual obligations were met with diligence.,Positive
The contract was executed smoothly without disputes.,Positive
The legal process upheld justice efficiently.,Positive
The contractual obligations were met with diligence.,Positive
The terms are clearly stated for both parties.,Neutral
The resolution was in the client's best interest.,Positive
The negotiation led to a dispute.,Negative
The terms are clearly stated for both parties.,Neutral
The terms imposed were extremely unfair.,Negative
The terms are clearly stated for both parties.,Neutral
The contract mentions a renewal period.,Neutral
The service was delayed and unsatisfactory.,Negative
The negotiation led to a dispute.,Negative
The contract was executed smoothly without disputes.,Positive
Both parties agreed amicably to the conditions.,Positive
The terms are clearly stated for both parties.,Neutral
The settlement resulted in client satisfaction.,Positive
The legal team missed important deadlines.,Negative
The firm handled the case according to policy.,Neutral
The contract mentions a renewal period.,Neutral
The legal team missed important deadlines.,Negative
The contract was executed smoothly without disputes.,Positive
The process involved standard legal procedures.,Neutral
The legal process upheld justice efficiently.,Positive
The service provider complied with all terms positively.,Positive
The negotiation led to a dispute.,Negative
The lawyer reviewed the documents as scheduled.,Neutral
The clause is heavily biased and one-sided.,Negative
The terms are clearly stated for both parties.,Neutral
The service was delayed and unsatisfactory.,Negative
The agreement terms were favorable to both parties.,Positive
The contract mentions a renewal period.,Neutral
The report summarizes the legal obligations.,Neutral
The clause ensures fair treatment.,Positive
The document outlines the roles and responsibilities.,Neutral
The resolution was in the client's best interest.,Positive
The legal process upheld justice efficiently.,Positive
The file was submitted to the court on time.,Neutral
The resolution was in the client's best interest.,Positive
The document outlines the roles and responsibilities.,Neutral
The resolution was in the client's best interest.,Positive
The contractual obligations were met with diligence.,Positive
The clause is heavily biased and one-sided.,Negative
The resolution was in the client's best interest.,Positive
The agreement is subject to review.,Neutral
The contract mentions a renewal period.,Neutral
The firm handled the case according to policy.,Neutral
The agreement failed to protect the client's interests.,Negative
The terms are clearly stated for both parties.,Neutral
The service was delayed and unsatisfactory.,Negative
The lawyer reviewed the documents as scheduled.,Neutral
The document outlines the roles and responsibilities.,Neutral
The settlement resulted in client satisfaction.,Positive
The contractual obligations were met with diligence.,Positive
The terms are clearly stated for both parties.,Neutral
The agreement created more conflict than resolution.,Negative
The contract was executed smoothly without disputes.,Positive
The terms imposed were extremely unfair.,Negative
The process involved standard legal procedures.,Neutral
Both parties agreed amicably to the conditions.,Positive
The document outlines the roles and responsibilities.,Neutral
The report summarizes the legal obligations.,Neutral
The agreement terms were favorable to both parties.,Positive
The settlement resulted in client satisfaction.,Positive
The judgment was against the client.,Negative
The contract mentions a renewal period.,Neutral
The clause ensures fair treatment.,Positive
The contractual obligations were met with diligence.,Positive
The clause is heavily biased and one-sided.,Negative
The agreement created more conflict than resolution.,Negative
The judgment was against the client.,Negative
The document outlines the roles and responsibilities.,Neutral
The resolution was in the client's best interest.,Positive
The clause is heavily biased and one-sided.,Negative
The legal process upheld justice efficiently.,Positive
The resolution was in the client's best interest.,Positive
Both parties agreed amicably to the conditions.,Positive
The lawyer reviewed the documents as scheduled.,Neutral
The report summarizes the legal obligations.,Neutral
The agreement created more conflict than resolution.,Negative
The terms are clearly stated for both parties.,Neutral
The report summarizes the legal obligations.,Neutral
The contract was executed smoothly without disputes.,Positive
Both parties agreed amicably to the conditions.,Positive
The agreement failed to protect the client's interests.,Negative
The settlement resulted in client satisfaction.,Positive
The terms imposed were extremely unfair.,Negative
The process involved standard legal procedures.,Neutral
The clause ensures fair treatment.,Positive
The agreement created more conflict than resolution.,Negative
The clause is heavily biased and one-sided.,Negative
The service provider complied with all terms positively.,Positive
The agreement failed to protect the client's interests.,Negative
The agreement is subject to review.,Neutral
The file was submitted to the court on time.,Neutral
The contractual obligations were met with diligence.,Positive
The report summarizes the legal obligations.,Neutral
The negotiation led to a dispute.,Negative
The agreement is subject to review.,Neutral
The clause mentions arbitration in case of dispute.,Neutral
The lawyer reviewed the documents as scheduled.,Neutral
The settlement resulted in client satisfaction.,Positive
The lawyer reviewed the documents as scheduled.,Neutral
The clause mentions arbitration in case of dispute.,Neutral
The legal team missed important deadlines.,Negative
The agreement is subject to review.,Neutral
The contract was executed smoothly without disputes.,Positive
The agreement created more conflict than resolution.,Negative
The file was submitted to the court on time.,Neutral
The resolution was in the client's best interest.,Positive
The terms are clearly stated for both parties.,Neutral
The clause mentions arbitration in case of dispute.,Neutral
The lawyer reviewed the documents as scheduled.,Neutral
The contract mentions a renewal period.,Neutral
The document outlines the roles and responsibilities.,Neutral
The legal team missed important deadlines.,Negative
The report summarizes the legal obligations.,Neutral
The agreement is subject to review.,Neutral
The legal team missed important deadlines.,Negative
The contract was breached without notice.,Negative
The document outlines the roles and responsibilities.,Neutral
The contract was executed smoothly without disputes.,Positive
The agreement terms were favorable to both parties.,Positive
The service provider complied with all terms positively.,Positive
The lawyer reviewed the documents as scheduled.,Neutral
Both parties agreed amicably to the conditions.,Positive
The service provider complied with all terms positively.,Positive
The contractual obligations were met with diligence.,Positive
The service was delayed and unsatisfactory.,Negative
The contract mentions a renewal period.,Neutral
The process involved standard legal procedures.,Neutral
The clause ensures fair treatment.,Positive
The file was submitted to the court on time.,Neutral
The report summarizes the legal obligations.,Neutral
The legal process upheld justice efficiently.,Positive
The lawyer reviewed the documents as scheduled.,Neutral
The terms imposed were extremely unfair.,Negative
The lawyer reviewed the documents as scheduled.,Neutral
The lawyer reviewed the documents as scheduled.,Neutral
The contract mentions a renewal period.,Neutral
The terms are clearly stated for both parties.,Neutral
The contract was executed smoothly without disputes.,Positive
Both parties agreed amicably to the conditions.,Positive
The agreement terms were favorable to both parties.,Positive
The service was delayed and unsatisfactory.,Negative
The agreement is subject to review.,Neutral
The agreement is subject to review.,Neutral
The lawyer reviewed the documents as scheduled.,Neutral
The contract was executed smoothly without disputes.,Positive
The contractual obligations were met with diligence.,Positive
The contract mentions a renewal period.,Neutral
The document outlines the roles and responsibilities.,Neutral
The legal process upheld justice efficiently.,Positive
The agreement failed to protect the client's interests.,Negative
The contractual obligations were met with diligence.,Positive
The resolution was in the client's best interest.,Positive
The legal process upheld justice efficiently.,Positive
The contract was executed smoothly without disputes.,Positive
The contract mentions a renewal period.,Neutral
The terms are clearly stated for both parties.,Neutral
The agreement terms were favorable to both parties.,Positive
The agreement failed to protect the client's interests.,Negative
The contract was executed smoothly without disputes.,Positive
The contract was breached without notice.,Negative
The negotiation led to a dispute.,Negative
The legal process upheld justice efficiently.,Positive
The file was submitted to the court on time.,Neutral
The judgment was against the client.,Negative
The service provider complied with all terms positively.,Positive
The negotiation led to a dispute.,Negative
The report summarizes the legal obligations.,Neutral
The clause is heavily biased and one-sided.,Negative
The terms imposed were extremely unfair.,Negative
The agreement is subject to review.,Neutral
The negotiation led to a dispute.,Negative
The contract was executed smoothly without disputes.,Positive
The firm did not honor the contractual terms.,Negative
The contractual obligations were met with diligence.,Positive
The process involved standard legal procedures.,Neutral
The negotiation led to a dispute.,Negative
The terms are clearly stated for both parties.,Neutral
The settlement resulted in client satisfaction.,Positive
The legal process upheld justice efficiently.,Positive
The negotiation ended with mutual benefits.,Positive
The clause ensures fair treatment.,Positive
The settlement resulted in client satisfaction.,Positive
The firm did not honor the contractual terms.,Negative
The judgment was against the client.,Negative
The contract was executed smoothly without disputes.,Positive
The service provider complied with all terms positively.,Positive
The service was delayed and unsatisfactory.,Negative
The legal process upheld justice efficiently.,Positive
The report summarizes the legal obligations.,Neutral
The process involved standard legal procedures.,Neutral
The terms imposed were extremely unfair.,Negative
The report summarizes the legal obligations.,Neutral
The legal team missed important deadlines.,Negative
The report summarizes the legal obligations.,Neutral
Both parties agreed amicably to the conditions.,Positive
The process involved standard legal procedures.,Neutral
Both parties agreed amicably to the conditions.,Positive
The clause mentions arbitration in case of dispute.,Neutral
The legal process upheld justice efficiently.,Positive
The contract was executed smoothly without disputes.,Positive
The clause is heavily biased and one-sided.,Negative
The service provider complied with all terms positively.,Positive
The service provider complied with all terms positively.,Positive
The report summarizes the legal obligations.,Neutral
The legal team missed important deadlines.,Negative
The clause ensures fair treatment.,Positive
The negotiation ended with mutual benefits.,Positive
The document outlines the roles and responsibilities.,Neutral
The terms are clearly stated for both parties.,Neutral
The contractual obligations were met with diligence.,Positive
The legal team missed important deadlines.,Negative
The agreement is subject to review.,Neutral
The terms imposed were extremely unfair.,Negative
The file was submitted to the court on time.,Neutral
The terms imposed were extremely unfair.,Negative
The resolution was in the client's best interest.,Positive
The contractual obligations were met with diligence.,Positive
The clause ensures fair treatment.,Positive
The contract was breached without notice.,Negative
The agreement failed to protect the client's interests.,Negative
The agreement failed to protect the client's interests.,Negative
The report summarizes the legal obligations.,Neutral
The clause is heavily biased and one-sided.,Negative
The legal team missed important deadlines.,Negative
The clause is heavily biased and one-sided.,Negative
The agreement failed to protect the client's interests.,Negative
The contract was executed smoothly without disputes.,Positive
The clause mentions arbitration in case of dispute.,Neutral
The clause mentions arbitration in case of dispute.,Neutral
The clause mentions arbitration in case of dispute.,Neutral
The file was submitted to the court on time.,Neutral
The contract was breached without notice.,Negative
The clause mentions arbitration in case of dispute.,Neutral
The terms are clearly stated for both parties.,Neutral
The clause ensures fair treatment.,Positive
The lawyer reviewed the documents as scheduled.,Neutral
The contract was executed smoothly without disputes.,Positive
The settlement resulted in client satisfaction.,Positive
The contract was executed smoothly without disputes.,Positive
The negotiation ended with mutual benefits.,Positive
The negotiation led to a dispute.,Negative
The terms imposed were extremely unfair.,Negative
The process involved standard legal procedures.,Neutral
The legal team missed important deadlines.,Negative
The terms are clearly stated for both parties.,Neutral
The document outlines the roles and responsibilities.,Neutral
The file was submitted to the court on time.,Neutral
The agreement terms were favorable to both parties.,Positive
Both parties agreed amicably to the conditions.,Positive
The negotiation ended with mutual benefits.,Positive
The resolution was in the client's best interest.,Positive
The settlement resulted in client satisfaction.,Positive
The firm handled the case according to policy.,Neutral
The agreement terms were favorable to both parties.,Positive
The negotiation ended with mutual benefits.,Positive
The file was submitted to the court on time.,Neutral
The contractual obligations were met with diligence.,Positive
The judgment was against the client.,Negative
The terms are clearly stated for both parties.,Neutral
Both parties agreed amicably to the conditions.,Positive
The process involved standard legal procedures.,Neutral
The legal process upheld justice efficiently.,Positive
The clause ensures fair treatment.,Positive
The settlement resulted in client satisfaction.,Positive
The terms are clearly stated for both parties.,Neutral
The clause mentions arbitration in case of dispute.,Neutral
The negotiation ended with mutual benefits.,Positive
The terms are clearly stated for both parties.,Neutral
The clause is heavily biased and one-sided.,Negative
The service was delayed and unsatisfactory.,Negative
The terms imposed were extremely unfair.,Negative
The service was delayed and unsatisfactory.,Negative
The settlement resulted in client satisfaction.,Positive
The lawyer reviewed the documents as scheduled.,Neutral
The agreement created more conflict than resolution.,Negative
The firm handled the case according to policy.,Neutral
The process involved standard legal procedures.,Neutral
The judgment was against the client.,Negative
The report summarizes the legal obligations.,Neutral
The agreement failed to protect the client's interests.,Negative
The clause ensures fair treatment.,Positive
The contract was breached without notice.,Negative
The contract mentions a renewal period.,Neutral
The lawyer reviewed the documents as scheduled.,Neutral
The service provider complied with all terms positively.,Positive
The negotiation led to a dispute.,Negative
The terms are clearly stated for both parties.,Neutral
The resolution was in the client's best interest.,Positive
The negotiation ended with mutual benefits.,Positive
The terms imposed were extremely unfair.,Negative
The negotiation led to a dispute.,Negative
The report summarizes the legal obligations.,Neutral
The lawyer reviewed the documents as scheduled.,Neutral
The process involved standard legal procedures.,Neutral
The contract was breached without notice.,Negative
The clause mentions arbitration in case of dispute.,Neutral
The clause mentions arbitration in case of dispute.,Neutral
The negotiation ended with mutual benefits.,Positive
Both parties agreed amicably to the conditions.,Positive
The agreement created more conflict than resolution.,Negative
The terms imposed were extremely unfair.,Negative
The agreement terms were favorable to both parties.,Positive
The firm did not honor the contractual terms.,Negative
The agreement created more conflict than resolution.,Negative
The legal process upheld justice efficiently.,Positive
The legal process upheld justice efficiently.,Positive
The contract was breached without notice.,Negative
The contract was breached without notice.,Negative
The legal team missed important deadlines.,Negative
The agreement created more conflict than resolution.,Negative
The contract was breached without notice.,Negative
The settlement resulted in client satisfaction.,Positive
The terms are clearly stated for both parties.,Neutral
The clause ensures fair treatment.,Positive
The agreement created more conflict than resolution.,Negative
The negotiation ended with mutual benefits.,Positive
Both parties agreed amicably to the conditions.,Positive
The document outlines the roles and responsibilities.,Neutral
The lawyer reviewed the documents as scheduled.,Neutral
The contract mentions a renewal period.,Neutral
The service was delayed and unsatisfactory.,Negative
The resolution was in the client's best interest.,Positive
The agreement terms were favorable to both parties.,Positive
The agreement failed to protect the client's interests.,Negative
The firm did not honor the contractual terms.,Negative
The judgment was against the client.,Negative
The legal process upheld justice efficiently.,Positive
The negotiation led to a dispute.,Negative
The contract was breached without notice.,Negative
The agreement terms were favorable to both parties.,Positive
The contractual obligations were met with diligence.,Positive
The agreement is subject to review.,Neutral
The lawyer reviewed the documents as scheduled.,Neutral
The firm handled the case according to policy.,Neutral
Both parties agreed amicably to the conditions.,Positive
The process involved standard legal procedures.,Neutral
The service provider complied with all terms positively.,Positive
The agreement is subject to review.,Neutral
The contract was breached without notice.,Negative
The clause ensures fair treatment.,Positive
The resolution was in the client's best interest.,Positive
The negotiation ended with mutual benefits.,Positive
The negotiation led to a dispute.,Negative
The contract mentions a renewal period.,Neutral
The clause ensures fair treatment.,Positive
The resolution was in the client's best interest.,Positive
The judgment was against the client.,Negative
The clause mentions arbitration in case of dispute.,Neutral
The terms are clearly stated for both parties.,Neutral
The resolution was in the client's best interest.,Positive
The terms imposed were extremely unfair.,Negative
The judgment was against the client.,Negative
The clause ensures fair treatment.,Positive
The terms imposed were extremely unfair.,Negative
The contractual obligations were met with diligence.,Positive
The agreement is subject to review.,Neutral
The legal process upheld justice efficiently.,Positive
The contract mentions a renewal period.,Neutral
The judgment was against the client.,Negative
The agreement terms were favorable to both parties.,Positive
The file was submitted to the court on time.,Neutral
The clause ensures fair treatment.,Positive
The legal process upheld justice efficiently.,Positive
The clause mentions arbitration in case of dispute.,Neutral
The resolution was in the client's best interest.,Positive
Both parties agreed amicably to the conditions.,Positive
The judgment was against the client.,Negative
The contractual obligations were met with diligence.,Positive
The contract mentions a renewal period.,Neutral
The terms imposed were extremely unfair.,Negative
The contract mentions a renewal period.,Neutral
The contract mentions a renewal period.,Neutral
The resolution was in the client's best interest.,Positive
The contract was executed smoothly without disputes.,Positive
The terms imposed were extremely unfair.,Negative
The report summarizes the legal obligations.,Neutral
Both parties agreed amicably to the conditions.,Positive
The firm handled the case according to policy.,Neutral
The contract was executed smoothly without disputes.,Positive
The clause is heavily biased and one-sided.,Negative
The lawyer reviewed the documents as scheduled.,Neutral
The judgment was against the client.,Negative
The contract mentions a renewal period.,Neutral
The document outlines the roles and responsibilities.,Neutral
The agreement terms were favorable to both parties.,Positive
The terms are clearly stated for both parties.,Neutral
The contract mentions a renewal period.,Neutral
The judgment was against the client.,Negative
The agreement failed to protect the client's interests.,Negative
The service was delayed and unsatisfactory.,Negative
The report summarizes the legal obligations.,Neutral
The clause mentions arbitration in case of dispute.,Neutral
The contractual obligations were met with diligence.,Positive
The agreement terms were favorable to both parties.,Positive
The clause ensures fair treatment.,Positive
The firm handled the case according to policy.,Neutral
The judgment was against the client.,Negative
The agreement terms were favorable to both parties.,Positive
The agreement failed to protect the client's interests.,Negative
The legal process upheld justice efficiently.,Positive
The lawyer reviewed the documents as scheduled.,Neutral
The document outlines the roles and responsibilities.,Neutral
The file was submitted to the court on time.,Neutral
The service provider complied with all terms positively.,Positive
The service provider complied with all terms positively.,Positive
The agreement is subject to review.,Neutral
The negotiation ended with mutual benefits.,Positive
The clause mentions arbitration in case of dispute.,Neutral
The agreement is subject to review.,Neutral
The agreement terms were favorable to both parties.,Positive
The agreement is subject to review.,Neutral
The legal process upheld justice efficiently.,Positive
The report summarizes the legal obligations.,Neutral
The negotiation led to a dispute.,Negative
The service provider complied with all terms positively.,Positive
The negotiation led to a dispute.,Negative
The negotiation ended with mutual benefits.,Positive
The file was submitted to the court on time.,Neutral
The legal team missed important deadlines.,Negative
The contract was executed smoothly without disputes.,Positive
The file was submitted to the court on time.,Neutral
The service was delayed and unsatisfactory.,Negative
The process involved standard legal procedures.,Neutral
The firm did not honor the contractual terms.,Negative
The negotiation led to a dispute.,Negative
The lawyer reviewed the documents as scheduled.,Neutral
Both parties agreed amicably to the conditions.,Positive
The terms imposed were extremely unfair.,Negative
The file was submitted to the court on time.,Neutral
The contract was breached without notice.,Negative
The firm handled the case according to policy.,Neutral
The negotiation ended with mutual benefits.,Positive
The file was submitted to the court on time.,Neutral
The resolution was in the client's best interest.,Positive
The firm handled the case according to policy.,Neutral
The agreement created more conflict than resolution.,Negative
The settlement resulted in client satisfaction.,Positive
The agreement is subject to review.,Neutral
The negotiation led to a dispute.,Negative
The contract was executed smoothly without disputes.,Positive
The service was delayed and unsatisfactory.,Negative
The clause mentions arbitration in case of dispute.,Neutral
The terms are clearly stated for both parties.,Neutral
The contract was breached without notice.,Negative
Both parties agreed amicably to the conditions.,Positive
The clause is heavily biased and one-sided.,Negative
The clause is heavily biased and one-sided.,Negative
The document outlines the roles and responsibilities.,Neutral
The firm did not honor the contractual terms.,Negative
The clause mentions arbitration in case of dispute.,Neutral
The file was submitted to the court on time.,Neutral
The lawyer reviewed the documents as scheduled.,Neutral
The agreement terms were favorable to both parties.,Positive
The firm handled the case according to policy.,Neutral
The firm did not honor the contractual terms.,Negative
The agreement failed to protect the client's interests.,Negative
The agreement failed to protect the client's interests.,Negative
The file was submitted to the court on time.,Neutral
The legal team missed important deadlines.,Negative
The agreement terms were favorable to both parties.,Positive
The legal process upheld justice efficiently.,Positive
The file was submitted to the court on time.,Neutral
The legal team missed important deadlines.,Negative
The report summarizes the legal obligations.,Neutral
The contract mentions a renewal period.,Neutral
The report summarizes the legal obligations.,Neutral
The legal team missed important deadlines.,Negative
The contract was executed smoothly without disputes.,Positive
The resolution was in the client's best interest.,Positive
The resolution was in the client's best interest.,Positive
The firm handled the case according to policy.,Neutral
The settlement resulted in client satisfaction.,Positive
The service was delayed and unsatisfactory.,Negative
The legal team missed important deadlines.,Negative
The firm did not honor the contractual terms.,Negative
The clause mentions arbitration in case of dispute.,Neutral
The terms imposed were extremely unfair.,Negative
The contract was breached without notice.,Negative
The contractual obligations were met with diligence.,Positive
The terms imposed were extremely unfair.,Negative
The contract was executed smoothly without disputes.,Positive
The clause is heavily biased and one-sided.,Negative
The contract was executed smoothly without disputes.,Positive
The process involved standard legal procedures.,Neutral
The firm did not honor the contractual terms.,Negative
The negotiation led to a dispute.,Negative
The firm handled the case according to policy.,Neutral
The clause ensures fair treatment.,Positive
The judgment was against the client.,Negative
The service was delayed and unsatisfactory.,Negative
The negotiation led to a dispute.,Negative
The process involved standard legal procedures.,Neutral
The legal team missed important deadlines.,Negative
The negotiation ended with mutual benefits.,Positive
The agreement created more conflict than resolution.,Negative
The negotiation ended with mutual benefits.,Positive
The lawyer reviewed the documents as scheduled.,Neutral
The resolution was in the client's best interest.,Positive
The agreement terms were favorable to both parties.,Positive
The negotiation ended with mutual benefits.,Positive
The firm handled the case according to policy.,Neutral
The firm did not honor the contractual terms.,Negative
The service provider complied with all terms positively.,Positive
The document outlines the roles and responsibilities.,Neutral
The service was delayed and unsatisfactory.,Negative
The judgment was against the client.,Negative
The legal team missed important deadlines.,Negative
The contractual obligations were met with diligence.,Positive
The legal process upheld justice efficiently.,Positive
The negotiation led to a dispute.,Negative
The agreement created more conflict than resolution.,Negative
The terms imposed were extremely unfair.,Negative
The contractual obligations were met with diligence.,Positive
The file was submitted to the court on time.,Neutral
The terms are clearly stated for both parties.,Neutral
The process involved standard legal procedures.,Neutral
The process involved standard legal procedures.,Neutral
The contract mentions a renewal period.,Neutral
The file was submitted to the court on time.,Neutral
The agreement created more conflict than resolution.,Negative
The service provider complied with all terms positively.,Positive
The clause is heavily biased and one-sided.,Negative
The clause is heavily biased and one-sided.,Negative
The terms are clearly stated for both parties.,Neutral
The lawyer reviewed the documents as scheduled.,Neutral
The contract was executed smoothly without disputes.,Positive
The terms imposed were extremely unfair.,Negative
The agreement failed to protect the client's interests.,Negative
The legal team missed important deadlines.,Negative
The legal process upheld justice efficiently.,Positive
The agreement terms were favorable to both parties.,Positive
The legal team missed important deadlines.,Negative
The legal process upheld justice efficiently.,Positive
The service was delayed and unsatisfactory.,Negative
The contract was executed smoothly without disputes.,Positive
The report summarizes the legal obligations.,Neutral
The terms imposed were extremely unfair.,Negative
The report summarizes the legal obligations.,Neutral
The clause mentions arbitration in case of dispute.,Neutral
The contract was breached without notice.,Negative
The lawyer reviewed the documents as scheduled.,Neutral
The agreement failed to protect the client's interests.,Negative
The agreement terms were favorable to both parties.,Positive
The contractual obligations were met with diligence.,Positive
The service was delayed and unsatisfactory.,Negative
The agreement terms were favorable to both parties.,Positive
The agreement failed to protect the client's interests.,Negative
The service provider complied with all terms positively.,Positive
The resolution was in the client's best interest.,Positive
The clause ensures fair treatment.,Positive
The file was submitted to the court on time.,Neutral
The file was submitted to the court on time.,Neutral
The settlement resulted in client satisfaction.,Positive
The contract was breached without notice.,Negative
The legal process upheld justice efficiently.,Positive
The agreement created more conflict than resolution.,Negative
The legal process upheld justice efficiently.,Positive
The contract was breached without notice.,Negative
The service provider complied with all terms positively.,Positive
The contract mentions a renewal period.,Neutral
The clause mentions arbitration in case of dispute.,Neutral
The negotiation led to a dispute.,Negative
The resolution was in the client's best interest.,Positive
The clause mentions arbitration in case of dispute.,Neutral
The legal team missed important deadlines.,Negative
The clause mentions arbitration in case of dispute.,Neutral
The report summarizes the legal obligations.,Neutral
The terms imposed were extremely unfair.,Negative
The terms imposed were extremely unfair.,Negative
The firm handled the case according to policy.,Neutral
The firm handled the case according to policy.,Neutral
The file was submitted to the court on time.,Neutral
The clause mentions arbitration in case of dispute.,Neutral
The agreement created more conflict than resolution.,Negative
The resolution was in the client's best interest.,Positive
The service was delayed and unsatisfactory.,Negative
The terms are clearly stated for both parties.,Neutral
The document outlines the roles and responsibilities.,Neutral
The clause mentions arbitration in case of dispute.,Neutral
The clause ensures fair treatment.,Positive
The terms are clearly stated for both parties.,Neutral
The terms imposed were extremely unfair.,Negative
The resolution was in the client's best interest.,Positive
The negotiation ended with mutual benefits.,Positive
The service was delayed and unsatisfactory.,Negative
The agreement failed to protect the client's interests.,Negative
The resolution was in the client's best interest.,Positive
The contractual obligations were met with diligence.,Positive
The document outlines the roles and responsibilities.,Neutral
The terms are clearly stated for both parties.,Neutral
The service was delayed and unsatisfactory.,Negative
The negotiation led to a dispute.,Negative
The service was delayed and unsatisfactory.,Negative
The legal process upheld justice efficiently.,Positive
The agreement terms were favorable to both parties.,Positive
The settlement resulted in client satisfaction.,Positive
The process involved standard legal procedures.,Neutral
The document outlines the roles and responsibilities.,Neutral
The agreement is subject to review.,Neutral
The service was delayed and unsatisfactory.,Negative
The firm did not honor the contractual terms.,Negative
The firm did not honor the contractual terms.,Negative
The resolution was in the client's best interest.,Positive
The service was delayed and unsatisfactory.,Negative
The agreement is subject to review.,Neutral
The lawyer reviewed the documents as scheduled.,Neutral
The contractual obligations were met with diligence.,Positive
The terms imposed were extremely unfair.,Negative
The contract was breached without notice.,Negative
The contract was executed smoothly without disputes.,Positive
The contract was executed smoothly without disputes.,Positive
Both parties agreed amicably to the conditions.,Positive
The settlement resulted in client satisfaction.,Positive
The agreement created more conflict than resolution.,Negative
The terms imposed were extremely unfair.,Negative
The service was delayed and unsatisfactory.,Negative
The contract mentions a renewal period.,Neutral
